Row Type,Action,Campaign status,Campaign,Campaign type,Networks,Budget,Budget type,Bid strategy type,Maximum CPC bid limit,Language,Location,EU political ads,Ad group,Status,Keyword status,Keyword,Match Type,Max CPC,Ad status,Ad type,Headline 1,Headline 2,Headline 3,Headline 4,Headline 5,Headline 6,Headline 7,Headline 8,Headline 9,Headline 10,Headline 11,Headline 12,Headline 13,Headline 14,Headline 15,Description,Description 2,Description 3,Description 4,Final URL,Asset action,Level,Sitelink text,Callout text
Campaign,Add,Enabled,Dasaita,Search,Google search,150654,Daily,Manual CPC,,en,2840;2380;2124;2724;2276;2250;2826;2036;2752;2040,No,,,,,,,,,,,,,,,,,,,,,,,,,,,,,,,,
Ad group,Add,,Dasaita,,,,,,,,,,AG-1,Enabled,,,,,,,,,,,,,,,,,,,,,,,,,,,,,,
Keyword,Add,,Dasaita,,,,,,,,,,AG-1,,Enabled,dasaita,Exact match,3405,,,,,,,,,,,,,,,,,,,,,,,,,,
Ad,Add,,Dasaita,,,,,,,,,,AG-1,,,,,,Enabled,Responsive search ad,Dasaita Official Store,Android Car Stereo,Ultimate Dashboard Upgrade,Plug & Play Guarantee,OEM Look Integration,Keep Factory Features,QLED + DTS Audio,Qualcomm 665 Processor,Wireless CarPlay,Wireless Android Auto,1-Year Warranty US,Save $150-$240,Toyota Honda Stereos,Free US Shipping,Buy Dasaita Today,The ultimate Android car stereo upgrade. Plug & play guarantee included.,QLED display with DTS audio and Qualcomm 665 processor. Save $150-$240.,Wireless CarPlay and Android Auto. Keep factory backup camera and controls.,"Custom-fit dash kits for Toyota, Honda and more. 1-year warranty with US support.",https://www.dasaita.com/?ref=oocdrema,,,,
Sitelink,Add,,Dasaita,,,,,,,,,,,,,,,,,,,,,,,,,,,,,,,,,Provide the best coupons,Rated by the user,,,https://www.dasaita.com/?ref=oocdrema&1,Create new,Campaign,Today's Top Coupon,
Sitelink,Add,,Dasaita,,,,,,,,,,,,,,,,,,,,,,,,,,,,,,,,,Sale Up To 60%,To save your money,,,https://www.dasaita.com/?ref=oocdrema,Create new,Campaign,Best Deals Of The Days,
Sitelink,Add,,Dasaita,,,,,,,,,,,,,,,,,,,,,,,,,,,,,,,,,Save with All Blog coupons,Discounts and promo codes for,,,https://www.dasaita.com/?ref=oocdrema&2,Create new,Campaign,All Blog,
Callout,Add,,Dasaita,,,,,,,,,,,,,,,,,,,,,,,,,,,,,,,,,,,,,,Create new,Campaign,,Rate: 4.93 / 5.0
Callout,Add,,Dasaita,,,,,,,,,,,,,,,,,,,,,,,,,,,,,,,,,,,,,,Create new,Campaign,,100% Working Code
Callout,Add,,Dasaita,,,,,,,,,,,,,,,,,,,,,,,,,,,,,,,,,,,,,,Create new,Campaign,,All Code Verified
Callout,Add,,Dasaita,,,,,,,,,,,,,,,,,,,,,,,,,,,,,,,,,,,,,,Create new,Campaign,,Free Code
