Batch,Project Name,Source
batch_01.csv,Prop Money Inc. _ Impact,t6/batch_01.csv
batch_02.csv,Airwallex - Affiliate Program,t6/batch_05.csv
batch_03.csv,wowangel _ Goaffpro,t6/batch_06.csv
batch_04.csv,Arccaptain Welder,t6/batch_07.csv
batch_05.csv,Sportdirect.ca,t6/batch_09.csv
batch_06.csv,Keepgo,t6/batch_10.csv
batch_07.csv,EngineDIY,t6/batch_12.csv
batch_08.csv,Evolution Power Tools UK,t6/batch_13.csv
batch_09.csv,ALDKitchen,t6/batch_14.csv
batch_10.csv,Hohem Official Store,t6/batch_15.csv
batch_11.csv,The Agency's Art de Vivre Boutique,t6/batch_17.csv
batch_12.csv,Transcent,t6/batch_19.csv
batch_13.csv,LAYON,t6/batch_20.csv
batch_14.csv,Maine Garden Products,t6/batch_21.csv
batch_15.csv,Templar Cross,t6/batch_22.csv
batch_16.csv,ANSWR,t6/batch_24.csv
batch_17.csv,Aoocci,t6/batch_26.csv
batch_18.csv,poodledstore,t6/batch_27.csv
batch_19.csv,Trak Racer EU,t6/batch_28.csv
batch_20.csv,Typecase,t6/batch_91.csv
batch_21.csv,Adarna House,t6/batch_29.csv
batch_22.csv,Nicpro,t6/batch_30.csv
batch_23.csv,willow.ie,t6/batch_31.csv
batch_24.csv,Frizzlife,t6/batch_32.csv
batch_25.csv,Procase,t6/batch_33.csv
batch_26.csv,Hexgaming.com,t6/batch_34.csv
batch_27.csv,Ywigs,t6/batch_35.csv
batch_28.csv,Tsarbomba,t6/batch_36.csv
batch_29.csv,Drone-Clone Xperts,t6/batch_38.csv
batch_30.csv,Dry Bags,t6/batch_39.csv
batch_31.csv,FigureSkatingStore.com,t6/batch_40.csv
batch_32.csv,AUKEY,t6/batch_42.csv
batch_33.csv,CANNI Official,t6/batch_44.csv
batch_34.csv,Swad,t6/batch_46.csv
batch_35.csv,ECO-WORTHY,t6/batch_47.csv
batch_36.csv,Nilight,t6/batch_48.csv
batch_37.csv,Yose Power,t6/batch_49.csv
batch_38.csv,DOORS,t6/batch_50.csv
batch_39.csv,Geekvape Store,t6/batch_51.csv
batch_40.csv,Ashley Behrndt,t6/batch_52.csv
batch_41.csv,Card-Addiction.com,t6/batch_53.csv
batch_42.csv,Seagull 1963,t6/batch_54.csv
batch_43.csv,Letbricks,t6/batch_55.csv
batch_44.csv,Arzopa Official Store,t6/batch_56.csv
batch_45.csv,Youxernet,t6/batch_57.csv
batch_46.csv,Pixilated Photo Booth,t6/batch_60.csv
batch_47.csv,marshydrode,t6/batch_61.csv
batch_48.csv,GEPRC,t6/batch_63.csv
batch_49.csv,Comfier,t6/batch_64.csv
batch_50.csv,Floyd,t6/batch_65.csv
batch_51.csv,Modern Abayati,t6/batch_66.csv
batch_52.csv,TheHushShop.com,t6/batch_68.csv
batch_53.csv,lensmartonline,t6/batch_69.csv
batch_54.csv,animota,t6/batch_71.csv
batch_55.csv,SJCAM Official Website,t6/batch_72.csv
batch_56.csv,CharCharms,t6/batch_73.csv
batch_57.csv,Shark Wheel Affiliate Program,t6/batch_74.csv
batch_58.csv,carpuride,t6/batch_75.csv
batch_59.csv,KugooEU Scooter,t6/batch_76.csv
batch_60.csv,WOLFBOX,t6/batch_77.csv
batch_61.csv,sonicred,t6/batch_78.csv
batch_62.csv,Rubbit,t6/batch_79.csv
batch_63.csv,Life-Space US,t6/batch_80.csv
batch_64.csv,SOOTIF.COM,t6/batch_81.csv
batch_65.csv,Custom Logo creator,t6/batch_82.csv
batch_66.csv,PPJoe Pop Protectors,t6/batch_83.csv
batch_67.csv,Casper Academy,t6/batch_84.csv
batch_68.csv,Vaporesso Store,t6/batch_85.csv
batch_69.csv,IObit,t6/batch_88.csv
batch_70.csv,TheLAShop.com,k10/batch_68.csv
batch_71.csv,Cohorted Beauty,k10/batch_69.csv
batch_72.csv,AmazingCosmetics,k10/batch_70.csv
batch_73.csv,Beauty Affairs,k10/batch_71.csv
batch_74.csv,PetPalsDIY,k10/batch_72.csv
batch_75.csv,HARD'N'HEAVY _ Shopify,k10/batch_73.csv
batch_76.csv,herbishh.com,k10/batch_74.csv
batch_77.csv,WONDERFOLD,k10/batch_75.csv
batch_78.csv,Label Land,k10/batch_76.csv
